Metal Set,Name,Type,Drops,Drop Amount,Alloy Recipe,Ore ID,Block ID,Brick ID,Item IDs,Abstractor XP,Block lvl,Pick lvl,Durability,Damage,Speed,Enchantability,Helmet Armor,Chestplate Armor,Leggings Armor,Boots Armor,Total Armor,Durability Multiplier,Dungeon Loot Chance,Dungeon Loot Amount,Veins Per Chunk,Ores Per Vein,Min Level,Max Level,Vein Chance Per Chunk,Vein Density,Diminsions
MetalMech,Lead,Catalyst,,,,2550:0,2551:0,2552:0,29000,1,1,,,,,,,,,,,,120,8,12,6,0,128,100,100,0 2-10000
MetalMech,Aluminium,Catalyst,,,,2550:1,2551:1,2552:1,29050,2,1,,,,,,,,,,,,100,10,10,6,0,128,100,100,0 2-10000
MetalMech,Titanium,Catalyst,,,,2550:2,2551:2,2552:2,29100,4,2,,,,,,,,,,,,20,4,6,8,0,64,100,100,0 2-10000
MetalMech,Tungsten,Catalyst,,,,2550:3,2551:3,2552:3,29150,9,2,,,,,,,,,,,,20,4,4,8,0,64,100,100,0 2-10000
